state,count,var_score,mean_level,regime
0,2313,0.7719855550331538,-0.17972471244689273,volatile
1,2314,0.7526326767337891,-0.1824660476077244,stable
2,4730,0.718453545092283,0.17715215519110739,stable
